t,des_c1,des_c2,des_c3,act_c1,act_c2,act_c3,err_c1,err_c2,err_c3,pose_x,pose_y,pose_z
0.0,0.0,0.0,0.0,0.0,0.0,0.0,0.0,0.0,0.0,0.0,0.0,0.0
0.1,0.0,0.0,0.0,0.0,0.0,0.0,0.0,0.0,0.0,0.0,0.0,0.0
0.2,0.0,0.0,0.0,0.0,0.0,0.0,0.0,0.0,0.0,0.0,0.0,0.0
0.3,0.0,0.0,0.0,0.0,0.0,0.0,0.0,0.0,0.0,0.0,0.0,0.0
0.4,0.0,0.0,0.0,0.0,0.0,0.0,0.0,0.0,0.0,0.0,0.0,0.0
0.5,0.0,0.0,0.0,0.0,0.0,0.0,0.0,0.0,0.0,0.0,0.0,0.0
0.6,0.0,0.0,0.0,0.0,0.0,0.0,0.0,0.0,0.0,0.0,0.0,0.0
0.7,0.0,0.0,0.0,0.0,0.0,0.0,0.0,0.0,0.0,0.0,0.0,0.0
0.8,0.0,0.0,0.0,0.0,0.0,0.0,0.0,0.0,0.0,0.0,0.0,0.0
0.9,0.0,0.0,0.0,0.0,0.0,0.0,0.0,0.0,0.0,0.0,0.0,0.0
1.0,0.0,0.0,0.0,0.0,0.0,0.0,0.0,0.0,0.0,0.0,0.0,0.0
1.1,0.0,0.0,0.0,0.0,0.0,0.0,0.0,0.0,0.0,0.0,0.0,0.0
1.2,0.0,0.0,0.0,0.0,0.0,0.0,0.0,0.0,0.0,0.0,0.0,0.0
1.3,0.0,0.0,0.0,0.0,0.0,0.0,0.0,0.0,0.0,0.0,0.0,0.0
1.4,0.0,0.0,0.0,0.0,0.0,0.0,0.0,0.0,0.0,0.0,0.0,0.0
1.5,0.0,0.0,0.0,0.0,0.0,0.0,0.0,0.0,0.0,0.0,0.0,0.0
1.6,0.0,0.0,0.0,0.0,0.0,0.0,0.0,0.0,0.0,0.0,0.0,0.0
1.7,0.0,0.0,0.0,0.0,0.0,0.0,0.0,0.0,0.0,0.0,0.0,0.0
1.8,0.0,0.0,0.0,0.0,0.0,0.0,0.0,0.0,0.0,0.0,0.0,0.0
1.9,0.0,0.0,0.0,0.0,0.0,0.0,0.0,0.0,0.0,0.0,0.0,0.0
2.0,0.0,0.0,0.0,0.0,0.0,0.0,0.0,0.0,0.0,0.0,0.0,0.0
2.1,0.0,0.0,0.0,0.0,0.0,0.0,0.0,0.0,0.0,0.0,0.0,0.0
2.2,0.0,0.0,0.0,0.0,0.0,0.0,0.0,0.0,0.0,0.0,0.0,0.0
2.3,0.0,0.0,0.0,0.0,0.0,0.0,0.0,0.0,0.0,0.0,0.0,0.0
2.4,0.0,0.0,0.0,0.0,0.0,0.0,0.0,0.0,0.0,0.0,0.0,0.0
2.5,0.0,0.0,0.0,0.0,0.0,0.0,0.0,0.0,0.0,0.0,0.0,0.0
2.6,0.0,0.0,0.0,0.0,0.0,0.0,0.0,0.0,0.0,0.0,0.0,0.0
2.7,0.0,0.0,0.0,0.0,0.0,0.0,0.0,0.0,0.0,0.0,0.0,0.0
2.8,0.0,0.0,0.0,0.0,0.0,0.0,0.0,0.0,0.0,0.0,0.0,0.0
2.9,0.0,0.0,0.0,0.0,0.0,0.0,0.0,0.0,0.0,0.0,0.0,0.0
3.0,0.0,0.0,0.0,0.0,0.0,0.0,0.0,0.0,0.0,0.0,0.0,0.0
3.1,0.0,0.0,0.0,0.0,0.0,0.0,0.0,0.0,0.0,0.0,0.0,0.0
3.2,0.0,0.0,0.0,0.0,0.0,0.0,0.0,0.0,0.0,0.0,0.0,0.0
3.3,0.0,0.0,0.0,0.0,0.0,0.0,0.0,0.0,0.0,0.0,0.0,0.0
3.4,0.0,0.0,0.0,0.0,0.0,0.0,0.0,0.0,0.0,0.0,0.0,0.0
3.5,0.0,0.0,0.0,0.0,0.0,0.0,0.0,0.0,0.0,0.0,0.0,0.0
3.6,0.0,0.0,0.0,0.0,0.0,0.0,0.0,0.0,0.0,0.0,0.0,0.0
3.7,0.0,0.0,0.0,0.0,0.0,0.0,0.0,0.0,0.0,0.0,0.0,0.0
3.8,0.0,0.0,0.0,0.0,0.0,0.0,0.0,0.0,0.0,0.0,0.0,0.0
3.9,0.0,0.0,0.0,0.0,0.0,0.0,0.0,0.0,0.0,0.0,0.0,0.0
4.0,0.0,0.0,0.0,0.0,0.0,0.0,0.0,0.0,0.0,0.0,0.0,0.0
4.1,0.0,0.0,0.0,0.0,0.0,0.0,0.0,0.0,0.0,0.0,0.0,0.0
4.2,0.0,0.0,0.0,0.0,0.0,0.0,0.0,0.0,0.0,0.0,0.0,0.0
4.3,0.0,0.0,0.0,0.0,0.0,0.0,0.0,0.0,0.0,0.0,0.0,0.0
4.4,0.0,0.0,0.0,0.0,0.0,0.0,0.0,0.0,0.0,0.0,0.0,0.0
4.5,0.0,0.0,0.0,0.0,0.0,0.0,0.0,0.0,0.0,0.0,0.0,0.0
4.6,0.0,0.0,0.0,0.0,0.0,0.0,0.0,0.0,0.0,0.0,0.0,0.0
4.7,0.0,0.0,0.0,0.0,0.0,0.0,0.0,0.0,0.0,0.0,0.0,0.0
4.8,0.0,0.0,0.0,0.0,0.0,0.0,0.0,0.0,0.0,0.0,0.0,0.0
4.9,0.0,0.0,0.0,0.0,0.0,0.0,0.0,0.0,0.0,0.0,0.0,0.0
5.0,0.0,0.0,0.0,0.0,0.0,0.0,0.0,0.0,0.0,0.0,0.0,0.0
5.1,0.0,0.0,0.0,0.0,0.0,0.0,0.0,0.0,0.0,0.0,0.0,0.0
5.2,0.0,0.0,0.0,0.0,0.0,0.0,0.0,0.0,0.0,0.0,0.0,0.0
5.3,0.0,-0.005,0.0,0.0,0.0,0.0,0.0,-0.005,0.0,0.0,0.0,0.0
5.4,0.0,-0.01,0.0,0.0,0.0,0.0,0.0,-0.01,0.0,0.0,0.0,0.0
5.5,0.0,-0.035,0.0,0.0,0.0,0.0,0.0,-0.035,0.0,0.0,0.0,0.0
5.6,0.0,-0.035,0.0,0.0,-6.499874875e-05,0.0,0.0,-0.03493500125125,0.0,0.0,0.0,0.0
5.7,0.0,-0.04,0.0,0.0,-0.00019500133965,0.0,0.0,-0.03980499866035,0.0,0.0,0.0,0.0
5.8,0.0,-0.04,0.0,0.0,-0.0006491375175661752,0.0,0.0,-0.03935086248243382,0.0,0.0,0.0,0.0
5.9,0.0,-0.04,0.0,0.0,-0.0011016211688559066,0.0,0.0,-0.038898378831144095,0.0,0.0,0.0,0.0
6.0,0.0,-0.065,0.0,0.0,-0.0016131745900502836,0.0,0.0,-0.06338682540994972,0.0,0.0,0.0,0.0
6.1,0.0,-0.065,0.0,0.0,-0.002118841095380764,0.0,0.0,-0.06288115890461923,0.0,0.0,0.0,0.0
6.2,0.0,-0.07,0.0,0.0,-0.0026178594708639556,0.0,0.0,-0.06738214052913605,0.0,0.0,0.0,0.0
6.3,0.0,-0.09,0.0,0.0,-0.003435314544798556,0.0,0.0,-0.08656468545520143,0.0,0.0,0.0,0.0
6.4,0.0,-0.095,0.0,0.0,-0.00424630642498307,0.0,0.0,-0.09075369357501693,0.0,0.0,0.0,0.0
6.5,0.0,-0.095,0.0,0.0,-0.005111639963196127,0.0,0.0,-0.08988836003680388,0.0,0.0,0.0,0.0
6.6,0.0,-0.095,0.0,0.0,-0.006226619034017203,0.0,0.0,-0.08877338096598279,0.0,0.0,0.0,0.0
6.7,0.0,-0.12,0.0,0.0,-0.007395261735922485,0.0,0.0,-0.1126047382640775,0.0,0.0,0.0,0.0
6.8,0.0,-0.12,0.0,0.0,-0.008549346097801912,0.0,0.0,-0.11145065390219808,0.0,0.0,0.0,0.0
6.9,0.0,-0.12,0.0,0.0,-0.009687950517508988,0.0,0.0,-0.11031204948249101,0.0,0.0,0.0,0.0
7.0,0.0,-0.12,0.0,0.0,-0.011136791602958385,0.0,0.0,-0.10886320839704161,0.0,0.0,0.0,0.0
7.1,0.0,-0.12,0.0,0.0,-0.012570806300073952,0.0,0.0,-0.10742919369992604,0.0,0.0,0.0,0.0
7.2,0.0,-0.12,0.0,0.0,-0.01398603425036323,0.0,0.0,-0.10601396574963677,0.0,0.0,0.0,0.0
7.3,0.0,-0.12,0.0,0.0,-0.015382617846474461,0.0,0.0,-0.10461738215352553,0.0,0.0,0.0,0.0
7.4,0.0,-0.12,0.0,0.0,-0.01676088764618469,0.0,0.0,-0.1032391123538153,0.0,0.0,0.0,0.0
7.5,0.0,-0.125,0.0,0.0,-0.01812093367456355,0.0,0.0,-0.10687906632543645,0.0,0.0,0.0,0.0
7.6,0.0,-0.135,0.0,0.0,-0.01946297358026298,0.0,0.0,-0.11553702641973702,0.0,0.0,0.0,0.0
7.7,0.0,-0.145,0.0,0.0,-0.020787395350125488,0.0,0.0,-0.1242126046498745,0.0,0.0,0.0,0.0
7.8,0.0,-0.145,0.0,0.0,-0.022159751011252005,0.0,0.0,-0.12284024898874799,0.0,0.0,0.0,0.0
7.9,0.0,-0.145,0.0,0.0,-0.023644141512980027,0.0,0.0,-0.12135585848701996,0.0,0.0,0.0,0.0
8.0,0.0,-0.145,0.0,0.0,-0.025241435331840097,0.0,0.0,-0.1197585646681599,0.0,0.0,0.0,0.0
8.1,0.0,-0.145,0.0,0.0,-0.026819015835670278,0.0,0.0,-0.1181809841643297,0.0,0.0,0.0,0.0
8.2,0.0,-0.145,0.0,0.0,-0.028375892791675603,0.0,0.0,-0.11662410720832439,0.0,0.0,0.0,0.0
8.3,0.0,-0.145,0.0,0.0,-0.029911893899293784,0.0,0.0,-0.1150881061007062,0.0,0.0,0.0,0.0
8.4,0.0,-0.145,0.0,0.0,-0.03142803787300915,0.0,0.0,-0.11357196212699083,0.0,0.0,0.0,0.0
8.5,0.0,-0.145,0.0,0.0,-0.03292444890789188,0.0,0.0,-0.11207555109210811,0.0,0.0,0.0,0.0
8.6,0.0,-0.145,0.0,0.0,-0.03440092380684211,0.0,0.0,-0.11059907619315788,0.0,0.0,0.0,0.0
8.7,0.0,-0.145,0.0,0.0,-0.035857552754853445,0.0,0.0,-0.10914244724514655,0.0,0.0,0.0,0.0
8.8,0.0,-0.145,0.0,0.0,-0.037295392778911876,0.0,0.0,-0.10770460722108811,0.0,0.0,0.0,0.0
8.9,0.0,-0.115,0.0,0.0,-0.038714252027882284,0.0,0.0,-0.07628574797211772,0.0,0.0,0.0,0.0
9.0,0.0,-0.1,0.0,0.0,-0.04011463121479901,0.0,0.0,-0.059885368785200996,0.0,0.0,0.0,0.0
9.1,0.0,-0.095,0.0,0.0,-0.04149609555791147,0.0,0.0,-0.05350390444208853,0.0,0.0,0.0,0.0
9.2,0.0,-0.085,0.0,0.0,-0.0424698356553311,0.0,0.0,-0.04253016434466891,0.0,0.0,0.0,0.0
9.3,0.0,-0.075,0.0,0.0,-0.043230182608291694,0.0,0.0,-0.031769817391708303,0.0,0.0,0.0,0.0
9.4,0.0,-0.075,0.0,0.0,-0.0439130788079806,0.0,0.0,-0.031086921192019397,0.0,0.0,0.0,0.0
9.5,0.0,-0.075,0.0,0.0,-0.04445611447498662,0.0,0.0,-0.03054388552501338,0.0,0.0,0.0,0.0
9.6,0.0,-0.045,0.0,0.0,-0.04486034528495306,0.0,0.0,-0.00013965471504694127,0.0,0.0,0.0,0.0
9.7,0.0,-0.03,0.0,0.0,-0.04525729550823738,0.0,0.0,0.01525729550823738,0.0,0.0,0.0,0.0
9.8,0.0,-0.01,0.0,0.0,-0.04564910970303287,0.0,0.0,0.035649109703032866,0.0,0.0,0.0,0.0
9.9,0.0,0.0,0.0,0.0,-0.045645764860957505,0.0,0.0,0.045645764860957505,0.0,0.0,0.0,0.0
10.0,0.0,-0.005,0.0,0.0,-0.04544232644905877,0.0,0.0,0.04044232644905877,0.0,0.0,0.0,0.0
10.1,0.0,-0.005,0.0,0.0,-0.044978906603022076,0.0,0.0,0.03997890660302208,0.0,0.0,0.0,0.0
10.2,0.0,-0.005,0.0,0.0,-0.044388182198599975,0.0,0.0,0.03938818219859998,0.0,0.0,0.0,0.0
10.3,0.0,0.0,0.0,0.0,-0.04386845497831752,0.0,0.0,0.04386845497831752,0.0,0.0,0.0,0.0
10.4,0.0,0.0,0.0,0.0,-0.043356398891095646,0.0,0.0,0.043356398891095646,0.0,0.0,0.0,0.0
10.5,0.0,0.025,0.0,0.0,-0.04285110981010588,0.0,0.0,0.06785110981010588,0.0,0.0,0.0,0.0
10.6,0.0,0.035,0.0,0.0,-0.04228747563816356,0.0,0.0,0.07728747563816357,0.0,0.0,0.0,0.0
10.7,0.0,0.055,0.0,0.0,-0.0417304021416233,0.0,0.0,0.0967304021416233,0.0,0.0,0.0,0.0
10.8,0.0,0.06,0.0,0.0,-0.040855696632560584,0.0,0.0,0.10085569663256058,0.0,0.0,0.0,0.0
10.9,0.0,0.065,0.0,0.0,-0.03985808622394552,0.0,0.0,0.10485808622394552,0.0,0.0,0.0,0.0
11.0,0.0,0.07,0.0,0.0,-0.038612117048481186,0.0,0.0,0.1086121170484812,0.0,0.0,0.0,0.0
11.1,0.0,0.08,0.0,0.0,-0.03731394105323555,0.0,0.0,0.11731394105323556,0.0,0.0,0.0,0.0
11.2,0.0,0.09,0.0,0.0,-0.035966964970530646,0.0,0.0,0.12596696497053064,0.0,0.0,0.0,0.0
11.3,0.0,0.09,0.0,0.0,-0.034571902375123864,0.0,0.0,0.12457190237512386,0.0,0.0,0.0,0.0
11.4,0.0,0.09,0.0,0.0,-0.03306392453017293,0.0,0.0,0.12306392453017292,0.0,0.0,0.0,0.0
11.5,0.0,0.095,0.0,0.0,-0.03144459289251129,0.0,0.0,0.12644459289251128,0.0,0.0,0.0,0.0
11.6,0.0,0.095,0.0,0.0,-0.029844947550007092,0.0,0.0,0.1248449475500071,0.0,0.0,0.0,0.0
11.7,0.0,0.095,0.0,0.0,-0.028266267068709067,0.0,0.0,0.12326626706870907,0.0,0.0,0.0,0.0
11.8,0.0,0.095,0.0,0.0,-0.026642814341054914,0.0,0.0,0.12164281434105492,0.0,0.0,0.0,0.0
11.9,0.0,0.095,0.0,0.0,-0.025040901215452764,0.0,0.0,0.12004090121545277,0.0,0.0,0.0,0.0
12.0,0.0,0.095,0.0,0.0,-0.02345913671808758,0.0,0.0,0.11845913671808758,0.0,0.0,0.0,0.0
12.1,0.0,0.095,0.0,0.0,-0.021898532983748012,0.0,0.0,0.11689853298374801,0.0,0.0,0.0,0.0
12.2,0.0,0.1,0.0,0.0,-0.02035896895640662,0.0,0.0,0.12035896895640663,0.0,0.0,0.0,0.0
12.3,0.0,0.105,0.0,0.0,-0.018839241479791047,0.0,0.0,0.12383924147979104,0.0,0.0,0.0,0.0
12.4,0.0,0.11,0.0,0.0,-0.01733932085483299,0.0,0.0,0.127339320854833,0.0,0.0,0.0,0.0
12.5,0.0,0.11,0.0,0.0,-0.01579473564109619,0.0,0.0,0.1257947356410962,0.0,0.0,0.0,0.0
12.6,0.0,0.115,0.0,0.0,-0.014203899225844429,0.0,0.0,0.12920389922584444,0.0,0.0,0.0,0.0
12.7,0.0,0.12,0.0,0.0,-0.012569005669716101,0.0,0.0,0.1325690056697161,0.0,0.0,0.0,0.0
12.8,0.0,0.12,0.0,0.0,-0.010954364554658716,0.0,0.0,0.1309543645546587,0.0,0.0,0.0,0.0
12.9,0.0,0.12,0.0,0.0,-0.009295616945562938,0.0,0.0,0.12929561694556294,0.0,0.0,0.0,0.0
13.0,0.0,0.125,0.0,0.0,-0.007593588225768817,0.0,0.0,0.1325935882257688,0.0,0.0,0.0,0.0
13.1,0.0,0.125,0.0,0.0,-0.0059122826374773145,0.0,0.0,0.1309122826374773,0.0,0.0,0.0,0.0
13.2,0.0,0.125,0.0,0.0,-0.00425403119421312,0.0,0.0,0.1292540311942131,0.0,0.0,0.0,0.0
13.3,0.0,0.125,0.0,0.0,-0.002552131815539714,0.0,0.0,0.1275521318155397,0.0,0.0,0.0,0.0
13.4,0.0,0.125,0.0,0.0,-0.0008718001391470394,0.0,0.0,0.12587180013914703,0.0,0.0,0.0,0.0
13.5,0.0,0.13,0.0,0.0,0.0007864823878682532,0.0,0.0,0.12921351761213176,0.0,0.0,0.0,0.0
13.6,0.0,0.13,0.0,0.0,0.0024226454310067023,0.0,0.0,0.1275773545689933,0.0,0.0,0.0,0.0
13.7,0.0,0.13,0.0,0.0,0.004037499912576716,0.0,0.0,0.1259625000874233,0.0,0.0,0.0,0.0
13.8,0.0,0.13,0.0,0.0,0.005695961803765765,0.0,0.0,0.12430403819623424,0.0,0.0,0.0,0.0
13.9,0.0,0.13,0.0,0.0,0.007333452787988003,0.0,0.0,0.122666547212012,0.0,0.0,0.0,0.0
14.0,0.0,0.13,0.0,0.0,0.008949846439570606,0.0,0.0,0.12105015356042939,0.0,0.0,0.0,0.0
14.1,0.0,0.13,0.0,0.0,0.010544118978669057,0.0,0.0,0.11945588102133095,0.0,0.0,0.0,0.0
14.2,0.0,0.13,0.0,0.0,0.01211780422622132,0.0,0.0,0.11788219577377869,0.0,0.0,0.0,0.0
14.3,0.0,0.13,0.0,0.0,0.013670691312813033,0.0,0.0,0.11632930868718697,0.0,0.0,0.0,0.0
14.4,0.0,0.13,0.0,0.0,0.015203153406179582,0.0,0.0,0.11479684659382042,0.0,0.0,0.0,0.0
14.5,0.0,0.13,0.0,0.0,0.016715415939039035,0.0,0.0,0.11328458406096097,0.0,0.0,0.0,0.0
14.6,0.0,0.13,0.0,0.0,0.01820779301722626,0.0,0.0,0.11179220698277374,0.0,0.0,0.0,0.0
14.7,0.0,0.13,0.0,0.0,0.01968066849453112,0.0,0.0,0.11031933150546888,0.0,0.0,0.0,0.0
14.8,0.0,0.13,0.0,0.0,0.021134408944510213,0.0,0.0,0.10886559105548979,0.0,0.0,0.0,0.0
14.9,0.0,0.13,0.0,0.0,0.022567913365791614,0.0,0.0,0.10743208663420839,0.0,0.0,0.0,0.0
15.0,0.0,0.13,0.0,0.0,0.023983200369390563,0.0,0.0,0.10601679963060945,0.0,0.0,0.0,0.0
15.1,0.0,0.13,0.0,0.0,0.02537982952050873,0.0,0.0,0.10462017047949128,0.0,0.0,0.0,0.0
15.2,0.0,0.13,0.0,0.0,0.026758710163427728,0.0,0.0,0.10324128983657227,0.0,0.0,0.0,0.0
15.3,0.0,0.13,0.0,0.0,0.028118102385812152,0.0,0.0,0.10188189761418785,0.0,0.0,0.0,0.0
15.4,0.0,0.13,0.0,0.0,0.02946059630970289,0.0,0.0,0.10053940369029711,0.0,0.0,0.0,0.0
15.5,0.0,0.105,0.0,0.0,0.03078506908441111,0.0,0.0,0.0742149309155889,0.0,0.0,0.0,0.0
15.6,0.0,0.085,0.0,0.0,0.032091963622861916,0.0,0.0,0.05290803637713809,0.0,0.0,0.0,0.0
15.7,0.0,0.055,0.0,0.0,0.0333818001202967,0.0,0.0,0.0216181998797033,0.0,0.0,0.0,0.0
15.8,0.0,0.01,0.0,0.0,0.034329384389786305,0.0,0.0,-0.024329384389786303,0.0,0.0,0.0,0.0
15.9,0.0,0.005,0.0,0.0,0.0350004175659358,0.0,0.0,-0.030000417565935796,0.0,0.0,0.0,0.0
16.0,0.0,0.0,0.0,0.0,0.035269135732786554,0.0,0.0,-0.035269135732786554,0.0,0.0,0.0,0.0
16.1,0.0,-0.015,0.0,0.0,0.0349441288679054,0.0,0.0,-0.0499441288679054,0.0,0.0,0.0,0.0
16.2,0.0,-0.025,0.0,0.0,0.03455063258635638,0.0,0.0,-0.05955063258635638,0.0,0.0,0.0,0.0
16.3,0.0,-0.04,0.0,0.0,0.034096257449048234,0.0,0.0,-0.07409625744904824,0.0,0.0,0.0,0.0
16.4,0.0,-0.06,0.0,0.0,0.03345224500487319,0.0,0.0,-0.09345224500487319,0.0,0.0,0.0,0.0
16.5,0.0,-0.085,0.0,0.0,0.032683967936980474,0.0,0.0,-0.11768396793698048,0.0,0.0,0.0,0.0
16.6,0.0,-0.095,0.0,0.0,0.03172911159262723,0.0,0.0,-0.12672911159262723,0.0,0.0,0.0,0.0
16.7,0.0,-0.095,0.0,0.0,0.030524226021855484,0.0,0.0,-0.12552422602185548,0.0,0.0,0.0,0.0
16.8,0.0,-0.095,0.0,0.0,0.029006750727506508,0.0,0.0,-0.12400675072750651,0.0,0.0,0.0,0.0
16.9,0.0,-0.09,0.0,0.0,0.02737494686924582,0.0,0.0,-0.11737494686924582,0.0,0.0,0.0,0.0
17.0,0.0,-0.09,0.0,0.0,0.02576248712053774,0.0,0.0,-0.11576248712053774,0.0,0.0,0.0,0.0
17.1,0.0,-0.09,0.0,0.0,0.02417121684262196,0.0,0.0,-0.11417121684262196,0.0,0.0,0.0,0.0
17.2,0.0,-0.09,0.0,0.0,0.022667019915279626,0.0,0.0,-0.11266701991527962,0.0,0.0,0.0,0.0
17.3,0.0,-0.09,0.0,0.0,0.02118279345810844,0.0,0.0,-0.11118279345810844,0.0,0.0,0.0,0.0
17.4,0.0,-0.09,0.0,0.0,0.019718122301736793,0.0,0.0,-0.10971812230173679,0.0,0.0,0.0,0.0
17.5,0.0,-0.09,0.0,0.0,0.01827272407487645,0.0,0.0,-0.10827272407487645,0.0,0.0,0.0,0.0
17.6,0.0,-0.09,0.0,0.0,0.016846355850395574,0.0,0.0,-0.10684635585039556,0.0,0.0,0.0,0.0
17.7,0.0,-0.09,0.0,0.0,0.01543876173635089,0.0,0.0,-0.10543876173635089,0.0,0.0,0.0,0.0
17.8,0.0,-0.09,0.0,0.0,0.014049825310160906,0.0,0.0,-0.10404982531016091,0.0,0.0,0.0,0.0
17.9,0.0,-0.09,0.0,0.0,0.012678660206846246,0.0,0.0,-0.10267866020684624,0.0,0.0,0.0,0.0
18.0,0.0,-0.09,0.0,0.0,0.011326135487598633,0.0,0.0,-0.10132613548759863,0.0,0.0,0.0,0.0
18.1,0.0,-0.09,0.0,0.0,0.009991446200292738,0.0,0.0,-0.09999144620029274,0.0,0.0,0.0,0.0
18.2,0.0,-0.085,0.0,0.0,0.008674004993477254,0.0,0.0,-0.09367400499347726,0.0,0.0,0.0,0.0
18.3,0.0,-0.08,0.0,0.0,0.007374492783657872,0.0,0.0,-0.08737449278365787,0.0,0.0,0.0,0.0
18.4,0.0,-0.075,0.0,0.0,0.006091268116259197,0.0,0.0,-0.08109126811625919,0.0,0.0,0.0,0.0
18.5,0.0,-0.07,0.0,0.0,0.004890836886214917,0.0,0.0,-0.07489083688621492,0.0,0.0,0.0,0.0
18.6,0.0,-0.07,0.0,0.0,0.003771529248766491,0.0,0.0,-0.0737715292487665,0.0,0.0,0.0,0.0
18.7,0.0,-0.06,0.0,0.0,0.0027328556032015384,0.0,0.0,-0.06273285560320153,0.0,0.0,0.0,0.0
18.8,0.0,-0.03,0.0,0.0,0.0017739417559927834,0.0,0.0,-0.03177394175599278,0.0,0.0,0.0,0.0
18.9,0.0,-0.01,0.0,0.0,0.0008284911357506724,0.0,0.0,-0.010828491135750672,0.0,0.0,0.0,0.0
19.0,0.0,0.005,0.0,0.0,2.542969215745558e-05,0.0,0.0,0.004974570307842544,0.0,0.0,0.0,0.0
19.1,0.0,0.005,0.0,0.0,-0.00037533074949405715,0.0,0.0,0.005375330749494057,0.0,0.0,0.0,0.0
19.2,0.0,0.005,0.0,0.0,-0.000505659474371336,0.0,0.0,0.005505659474371336,0.0,0.0,0.0,0.0
19.3,0.0,0.005,0.0,0.0,-0.00043577994682139615,0.0,0.0,0.005435779946821396,0.0,0.0,0.0,0.0
19.4,0.0,0.005,0.0,0.0,-0.00036420424720371,0.0,0.0,0.00536420424720371,0.0,0.0,0.0,0.0
19.5,0.0,0.005,0.0,0.0,-0.0002935065786114539,0.0,0.0,0.005293506578611454,0.0,0.0,0.0,0.0
19.6,0.0,0.005,0.0,0.0,-0.00022378330758026933,0.0,0.0,0.0052237833075802695,0.0,0.0,0.0,0.0
19.7,0.0,0.005,0.0,0.0,-0.0001549845756833706,0.0,0.0,0.00515498457568337,0.0,0.0,0.0,0.0
19.8,0.0,0.005,0.0,0.0,-8.70780221283928e-05,0.0,0.0,0.005087078022128393,0.0,0.0,0.0,0.0
19.9,0.0,0.005,0.0,0.0,-2.0065702862237885e-05,0.0,0.0,0.005020065702862238,0.0,0.0,0.0,0.0
20.0,0.0,0.005,0.0,0.0,4.606711691336524e-05,0.0,0.0,0.0049539328830866345,0.0,0.0,0.0,0.0
20.1,0.0,0.005,0.0,0.0,0.00011132815117053174,0.0,0.0,0.004888671848829468,0.0,0.0,0.0,0.0
20.2,0.0,0.005,0.0,0.0,0.00017574680670552425,0.0,0.0,0.004824253193294476,0.0,0.0,0.0,0.0
20.3,0.0,0.005,0.0,0.0,0.00023928143011768945,0.0,0.0,0.00476071856988231,0.0,0.0,0.0,0.0
20.4,0.0,0.005,0.0,0.0,0.0003019977307195581,0.0,0.0,0.004698002269280442,0.0,0.0,0.0,0.0
20.5,0.0,0.005,0.0,0.0,0.0003638866673717353,0.0,0.0,0.004636113332628265,0.0,0.0,0.0,0.0
20.6,0.0,0.005,0.0,0.0,0.0004249778892116855,0.0,0.0,0.004575022110788315,0.0,0.0,0.0,0.0
20.7,0.0,0.005,0.0,0.0,0.0004852305557905218,0.0,0.0,0.004514769444209478,0.0,0.0,0.0,0.0
20.8,0.0,0.005,0.0,0.0,0.0005447074978332664,0.0,0.0,0.004455292502166734,0.0,0.0,0.0,0.0
20.9,0.0,0.005,0.0,0.0,0.0006034007689421696,0.0,0.0,0.00439659923105783,0.0,0.0,0.0,0.0
21.0,0.0,0.005,0.0,0.0,0.0006613451715810546,0.0,0.0,0.004338654828418945,0.0,0.0,0.0,0.0
21.1,0.0,0.005,0.0,0.0,0.0007184722362278663,0.0,0.0,0.0042815277637721335,0.0,0.0,0.0,0.0
21.2,0.0,0.005,0.0,0.0,0.0007748886877502933,0.0,0.0,0.004225111312249707,0.0,0.0,0.0,0.0
21.3,0.0,0.005,0.0,0.0,0.000830534790118308,0.0,0.0,0.0041694652098816926,0.0,0.0,0.0,0.0
21.4,0.0,0.005,0.0,0.0,0.0008854624466579184,0.0,0.0,0.004114537553342082,0.0,0.0,0.0,0.0
21.5,0.0,0.005,0.0,0.0,0.000939666351336565,0.0,0.0,0.004060333648663435,0.0,0.0,0.0,0.0
21.6,0.0,0.005,0.0,0.0,0.0009931545938935166,0.0,0.0,0.004006845406106484,0.0,0.0,0.0,0.0
21.7,0.0,0.0,0.0,0.0,0.0010459375705459222,0.0,0.0,-0.0010459375705459222,0.0,0.0,0.0,0.0
21.8,0.0,0.0,0.0,0.0,0.0010980269879550268,0.0,0.0,-0.0010980269879550268,0.0,0.0,0.0,0.0
21.9,0.0,0.0,0.0,0.0,0.0011494300200559915,0.0,0.0,-0.0011494300200559915,0.0,0.0,0.0,0.0
22.0,0.0,0.0,0.0,0.0,0.0011351558297990232,0.0,0.0,-0.0011351558297990232,0.0,0.0,0.0,0.0
22.1,0.0,0.0,0.0,0.0,0.0011202130796525796,0.0,0.0,-0.0011202130796525796,0.0,0.0,0.0,0.0
22.2,0.0,0.0,0.0,0.0,0.001105455051715571,0.0,0.0,-0.001105455051715571,0.0,0.0,0.0,0.0
22.3,0.0,0.0,0.0,0.0,0.0010908910591355431,0.0,0.0,-0.0010908910591355431,0.0,0.0,0.0,0.0
22.4,0.0,0.0,0.0,0.0,0.0010765178715651821,0.0,0.0,-0.0010765178715651821,0.0,0.0,0.0,0.0
22.5,0.0,0.0,0.0,0.0,0.001062339530273733,0.0,0.0,-0.001062339530273733,0.0,0.0,0.0,0.0
22.6,0.0,0.0,0.0,0.0,0.0010483452537518175,0.0,0.0,-0.0010483452537518175,0.0,0.0,0.0,0.0
22.7,0.0,0.0,0.0,0.0,0.0010345350836120642,0.0,0.0,-0.0010345350836120642,0.0,0.0,0.0,0.0
22.8,0.0,0.0,0.0,0.0,0.001020907168936363,0.0,0.0,-0.001020907168936363,0.0,0.0,0.0,0.0
22.9,0.0,0.0,0.01,0.0,0.001007457744018797,0.0,0.0,-0.001007457744018797,0.01,0.0,0.0,0.0
23.0,0.0,0.0,0.02,0.0,0.0009941863019942725,0.0,0.0,-0.0009941863019942725,0.02,0.0,0.0,0.0
23.1,0.0,0.0,0.025,0.0,0.000981088863329646,0.0,0.0,-0.000981088863329646,0.025,0.0,0.0,0.0
23.2,0.0,0.0,0.03,0.0,0.0009681644998221076,0.00012999941239999997,0.0,-0.0009681644998221076,0.0298700005876,0.0,0.0,0.0
23.3,0.0,0.0,0.04,0.0,0.0009554106333528965,0.000389993526,0.0,-0.0009554106333528965,0.039610006474,0.0,0.0,0.0
23.4,0.0,0.0,0.05,0.0,0.0009428248831375817,0.0007132935595250643,0.0,-0.0009428248831375817,0.04928670644047494,0.0,0.0,0.0
23.5,0.0,0.0,0.055,0.0,0.00093040372367123,0.0010982490952642292,0.0,-0.00093040372367123,0.05390175090473577,0.0,0.0,0.0
23.6,0.0,0.0,0.06,0.0,0.0009181466746518658,0.001608989843904403,0.0,-0.0009181466746518658,0.058391010156095595,0.0,0.0,0.0
23.7,0.0,0.0,0.075,0.0,0.0009060518989264477,0.0022446877616204386,0.0,-0.0009060518989264477,0.07275531223837955,0.0,0.0,0.0
23.8,0.0,0.0,0.08,0.0,0.0008941160758266798,0.002938766028126926,0.0,-0.0008941160758266798,0.07706123397187307,0.0,0.0,0.0
23.9,0.0,0.0,0.085,0.0,0.0008823374152750457,0.0036895841862429894,0.0,-0.0008823374152750457,0.08131041581375702,0.0,0.0,0.0
24.0,0.0,0.0,0.085,0.0,0.0008707180485591961,0.004626046381871982,0.0,-0.0008707180485591961,0.08037395361812802,0.0,0.0,0.0
24.1,0.0,0.0,0.085,0.0,0.0008592436583075442,0.005618428067329494,0.0,-0.0008592436583075442,0.07938157193267051,0.0,0.0,0.0
24.2,0.0,0.0,0.09,0.0,0.0008479246660861473,0.006663257857307899,0.0,-0.0008479246660861473,0.0833367421426921,0.0,0.0,0.0
24.3,0.0,0.0,0.095,0.0,0.0008367534945534891,0.007695311045036525,0.0,-0.0008367534945534891,0.08730468895496347,0.0,0.0,0.0
24.4,0.0,0.0,0.095,0.0,0.0008257296255626993,0.008713767067235301,0.0,-0.0008257296255626993,0.0862862329327647,0.0,0.0,0.0
24.5,0.0,0.0,0.095,0.0,0.000814853255451039,0.009783587826665708,0.0,-0.000814853255451039,0.0852164121733343,0.0,0.0,0.0
24.6,0.0,0.0,0.095,0.0,0.0008041166601336367,0.010905529362711358,0.0,-0.0008041166601336367,0.08409447063728864,0.0,0.0,0.0
24.7,0.0,0.0,0.095,0.0,0.0007935231367798466,0.01201338779789025,0.0,-0.0007935231367798466,0.08298661220210975,0.0,0.0,0.0
24.8,0.0,0.0,0.1,0.0,0.0007830716623971088,0.013106402343129816,0.0,-0.0007830716623971088,0.08689359765687019,0.0,0.0,0.0
24.9,0.0,0.0,0.1,0.0,0.0007727542976404149,0.01418539186256083,0.0,-0.0007727542976404149,0.08581460813743917,0.0,0.0,0.0
25.0,0.0,0.0,0.1,0.0,0.0007625743210339548,0.015250013337706264,0.0,-0.0007625743210339548,0.08474998666229375,0.0,0.0,0.0
25.1,0.0,0.0,0.1,0.0,0.0007525291199221427,0.016365536084980644,0.0,-0.0007525291199221427,0.08363446391501936,0.0,0.0,0.0
25.2,0.0,0.0,0.1,0.0,0.0007426168356321384,0.017467154560976136,0.0,-0.0007426168356321384,0.08253284543902387,0.0,0.0,0.0
25.3,0.0,0.0,0.1,0.0,0.0007328318289057489,0.01855463911180803,0.0,-0.0007328318289057489,0.08144536088819197,0.0,0.0,0.0
25.4,0.0,0.0,0.1,0.0,0.0007231775457154947,0.019627595479256344,0.0,-0.0007231775457154947,0.08037240452074366,0.0,0.0,0.0
25.5,0.0,0.0,0.1,0.0,0.0007136534520355893,0.02068608286517011,0.0,-0.0007136534520355893,0.0793139171348299,0.0,0.0,0.0
25.6,0.0,0.0,0.1,0.0,0.0007042500959603326,0.021731151732159587,0.0,-0.0007042500959603326,0.07826884826784042,0.0,0.0,0.0
25.7,0.0,0.0,0.1,0.0,0.0006949747071679818,0.022761998589232103,0.0,-0.0006949747071679818,0.0772380014107679,0.0,0.0,0.0
25.8,0.0,0.0,0.1,0.0,0.0006858164699353031,0.02377982547271724,0.0,-0.0006858164699353031,0.07622017452728276,0.0,0.0,0.0
25.9,0.0,0.0,0.1,0.0,0.0006767841837146209,0.024783654430318262,0.0,-0.0006767841837146209,0.07521634556968174,0.0,0.0,0.0
26.0,0.0,0.0,0.1,0.0,0.0006678677556098938,0.025774607164898086,0.0,-0.0006678677556098938,0.07422539283510192,0.0,0.0,0.0
26.1,0.0,0.0,0.1,0.0,0.0006590688601814749,0.026752497569403344,0.0,-0.0006590688601814749,0.07324750243059666,0.0,0.0,0.0
26.2,0.0,0.0,0.1,0.0,0.0006503860755257901,0.02771748367115377,0.0,-0.0006503860755257901,0.07228251632884623,0.0,0.0,0.0
26.3,0.0,0.0,0.1,0.0,0.0006418203904319932,0.02866945557823925,0.0,-0.0006418203904319932,0.07133054442176076,0.0,0.0,0.0
26.4,0.0,0.0,0.1,0.0,0.0006333631644365531,0.029609373573282336,0.0,-0.0006333631644365531,0.07039062642671767,0.0,0.0,0.0
26.5,0.0,0.0,0.1,0.0,0.0006250194689899963,0.030536674026126587,0.0,-0.0006250194689899963,0.06946332597387342,0.0,0.0,0.0
26.6,0.0,0.0,0.1,0.0,0.0006167880895226127,0.031451491921449894,0.0,-0.0006167880895226127,0.06854850807855012,0.0,0.0,0.0
26.7,0.0,0.0,0.1,0.0,0.0006086610361946665,0.032354715232938785,0.0,-0.0006086610361946665,0.06764528476706122,0.0,0.0,0.0
26.8,0.0,0.0,0.1,0.0,0.0006006413350779158,0.0332460076494552,0.0,-0.0006006413350779158,0.0667539923505448,0.0,0.0,0.0
26.9,0.0,0.0,0.1,0.0,0.0005927315033398842,0.03412508941838835,0.0,-0.0005927315033398842,0.06587491058161166,0.0,0.0,0.0
27.0,0.0,0.0,0.1,0.0,0.0005849236585337917,0.03499283657800154,0.0,-0.0005849236585337917,0.06500716342199847,0.0,0.0,0.0
27.1,0.0,0.0,0.1,0.0,0.0005772181449064532,0.03584921086944063,0.0,-0.0005772181449064532,0.06415078913055938,0.0,0.0,0.0
27.2,0.0,0.0,0.1,0.0,0.0005696140051878625,0.03669431868164511,0.0,-0.0005696140051878625,0.0633056813183549,0.0,0.0,0.0
27.3,0.0,0.0,0.1,0.0,0.0005621086172857028,0.03752845142834269,0.0,-0.0005621086172857028,0.062471548571657314,0.0,0.0,0.0
27.4,0.0,0.0,0.1,0.0,0.0005547051779722245,0.03835125382710791,0.0,-0.0005547051779722245,0.061648746172892094,0.0,0.0,0.0
27.5,0.0,0.0,0.1,0.0,0.0005473974866582228,0.03916341499815308,0.0,-0.0005473974866582228,0.060836585001846924,0.0,0.0,0.0
27.6,0.0,0.0,0.1,0.0,0.0005401865025082336,0.03996482834198469,0.0,-0.0005401865025082336,0.060035171658015314,0.0,0.0,0.0
27.7,0.0,0.0,0.1,0.0,0.0005330703284213178,0.04075570469834053,0.0,-0.0005330703284213178,0.05924429530165948,0.0,0.0,0.0
27.8,0.0,0.0,0.105,0.0,0.0005260479767814774,0.041536153828748666,0.0,-0.0005260479767814774,0.06346384617125134,0.0,0.0,0.0
27.9,0.0,0.0,0.11,0.0,0.000519117928833954,0.042306344524362174,0.0,-0.000519117928833954,0.06769365547563783,0.0,0.0,0.0
28.0,0.0,0.0,0.115,0.0,0.0005122796281923784,0.04306633862077123,0.0,-0.0005122796281923784,0.07193366137922877,0.0,0.0,0.0
28.1,0.0,0.0,0.115,0.0,0.000505530841912576,0.04388138672141192,0.0,-0.000505530841912576,0.0711186132785881,0.0,0.0,0.0
28.2,0.0,0.0,0.115,0.0,0.0004988713619155745,0.04475150404513586,0.0,-0.0004988713619155745,0.07024849595486415,0.0,0.0,0.0
28.3,0.0,0.0,0.115,0.0,0.0004922993868396683,0.04567605644659095,0.0,-0.0004922993868396683,0.06932394355340905,0.0,0.0,0.0
28.4,0.0,0.0,0.115,0.0,0.0004858140632853756,0.046589286309536695,0.0,-0.0004858140632853756,0.06841071369046331,0.0,0.0,0.0
28.5,0.0,0.0,0.115,0.0,0.00047941252936415984,0.047490728781481355,0.0,-0.00047941252936415984,0.06750927121851866,0.0,0.0,0.0
28.6,0.0,0.0,0.115,0.0,0.00047309862869693477,0.04837983118394069,0.0,-0.00047309862869693477,0.06662016881605931,0.0,0.0,0.0
28.7,0.0,0.0,0.115,0.0,0.0004668659613642739,0.04925749458154412,0.0,-0.0004668659613642739,0.06574250541845589,0.0,0.0,0.0
28.8,0.0,0.0,0.115,0.0,0.00046071567451699927,0.05012355743436016,0.0,-0.00046071567451699927,0.06487644256563985,0.0,0.0,0.0
28.9,0.0,0.0,0.115,0.0,0.000454646556490801,0.05097819036488402,0.0,-0.000454646556490801,0.06402180963511599,0.0,0.0,0.0
29.0,0.0,0.0,0.11,0.0,0.0004486557252100468,0.05182179921738019,0.0,-0.0004486557252100468,0.05817820078261981,0.0,0.0,0.0
29.1,0.0,0.0,0.11,0.0,0.0004427456826381316,0.05265403167371959,0.0,-0.0004427456826381316,0.05734596832628041,0.0,0.0,0.0
29.2,0.0,0.0,0.09,0.0,0.000436914136674699,0.053475210499819126,0.0,-0.000436914136674699,0.03652478950018087,0.0,0.0,0.0
29.3,0.0,0.0,0.07,0.0,0.00043115845390889247,0.054220706649250425,0.0,-0.00043115845390889247,0.015779293350749582,0.0,0.0,0.0
29.4,0.0,0.0,0.06,0.0,0.00042547868015147016,0.05495551467924553,0.0,-0.00042547868015147016,0.005044485320754466,0.0,0.0,0.0
29.5,0.0,0.0,0.04,0.0,0.0004198736176162764,0.055420645711416756,0.0,-0.0004198736176162764,-0.015420645711416756,0.0,0.0,0.0
29.6,0.0,0.0,0.035,0.0,0.0004143425101556158,0.05561621994082303,0.0,-0.0004143425101556158,-0.02061621994082303,0.0,0.0,0.0
29.7,0.0,0.0,0.035,0.0,0.00040888410847724366,0.05567575203354315,0.0,-0.00040888410847724366,-0.020675752033543146,0.0,0.0,0.0
29.8,0.0,0.0,0.02,0.0,0.00040349751138056106,0.055472735729561205,0.0,-0.00040349751138056106,-0.03547273572956121,0.0,0.0,0.0
29.9,0.0,0.0,0.015,0.0,0.0003981820852113485,0.055203954353252566,0.0,-0.0003981820852113485,-0.040203954353252566,0.0,0.0,0.0
30.0,0.0,0.0,0.015,0.0,0.0003929362098856556,0.054937788103935,0.0,-0.0003929362098856556,-0.039937788103935,0.0,0.0,0.0
30.1,0.0,0.0,-0.01,0.0,0.00038776030916858447,0.05448017793173445,0.0,-0.00038776030916858447,-0.06448017793173445,0.0,0.0,0.0
30.2,0.0,0.0,-0.02,0.0,0.0003826521780283941,0.053960990710115446,0.0,-0.0003826521780283941,-0.07396099071011544,0.0,0.0,0.0
30.3,0.0,0.0,-0.035,0.0,0.0003776112602352796,0.0534477449582794,0.0,-0.0003776112602352796,-0.0884477449582794,0.0,0.0,0.0
30.4,0.0,0.0,-0.04,0.0,0.0003726367526212332,0.05261624718155484,0.0,-0.0003726367526212332,-0.09261624718155484,0.0,0.0,0.0
30.5,0.0,0.0,-0.04,0.0,0.00036772779450579274,0.051661424215075774,0.0,-0.00036772779450579274,-0.09166142421507578,0.0,0.0,0.0
30.6,0.0,0.0,-0.04,0.0,0.00036288364010547187,0.050522442012331165,0.0,-0.00036288364010547187,-0.09052244201233117,0.0,0.0,0.0
30.7,0.0,0.0,-0.045,0.0,0.00035810328375582734,0.049330869665038565,0.0,-0.00035810328375582734,-0.09433086966503856,0.0,0.0,0.0
30.8,0.0,0.0,-0.045,0.0,0.0003533857549205678,0.04815406756311089,0.0,-0.0003533857549205678,-0.0931540675631109,0.0,0.0,0.0
30.9,0.0,0.0,-0.045,0.0,0.000348730321824987,0.04699274370499404,0.0,-0.000348730321824987,-0.09199274370499404,0.0,0.0,0.0
31.0,0.0,0.0,-0.05,0.0,0.00034413631720973253,0.04578174351509999,0.0,-0.00034413631720973253,-0.09578174351509999,0.0,0.0,0.0
31.1,0.0,0.0,-0.05,0.0,0.00033960272999870704,0.04458581330695076,0.0,-0.00033960272999870704,-0.09458581330695076,0.0,0.0,0.0
31.2,0.0,0.0,-0.055,0.0,0.0003351289575170787,0.043405650546841444,0.0,-0.0003351289575170787,-0.09840565054684144,0.0,0.0,0.0
31.3,0.0,0.0,-0.055,0.0,0.0003307141552266584,0.04217604422056019,0.0,-0.0003307141552266584,-0.0971760442205602,0.0,0.0,0.0
31.4,0.0,0.0,-0.055,0.0,0.0003263575137194815,0.04096178050192438,0.0,-0.0003263575137194815,-0.09596178050192439,0.0,0.0,0.0
31.5,0.0,0.0,-0.055,0.0,0.00032205820777518645,0.03969848548428537,0.0,-0.00032205820777518645,-0.09469848548428536,0.0,0.0,0.0
31.6,0.0,0.0,-0.055,0.0,0.00031781514482647844,0.03845086023215237,0.0,-0.00031781514482647844,-0.09345086023215238,0.0,0.0,0.0
31.7,0.0,0.0,-0.055,0.0,0.0003136289015892428,0.03721993090054604,0.0,-0.0003136289015892428,-0.09221993090054603,0.0,0.0,0.0
31.8,0.0,0.0,-0.055,0.0,0.0003094972707860882,0.036005059743517746,0.0,-0.0003094972707860882,-0.09100505974351775,0.0,0.0,0.0
31.9,0.0,0.0,-0.055,0.0,0.0003054200799798779,0.034806196206031974,0.0,-0.0003054200799798779,-0.08980619620603197,0.0,0.0,0.0
32.0,0.0,0.0,-0.055,0.0,0.0003013966542056221,0.03362314182228967,0.0,-0.0003013966542056221,-0.08862314182228967,0.0,0.0,0.0
32.1,0.0,0.0,-0.055,0.0,0.0002974260730197326,0.03245562594364979,0.0,-0.0002974260730197326,-0.08745562594364979,0.0,0.0,0.0
32.2,0.0,0.0,-0.055,0.0,0.000293508011961352,0.031303553165136576,0.0,-0.000293508011961352,-0.08630355316513658,0.0,0.0,0.0
32.3,0.0,0.0,-0.055,0.0,0.0002896412924447265,0.03016657693355862,0.0,-0.0002896412924447265,-0.08516657693355861,0.0,0.0,0.0
32.4,0.0,0.0,-0.055,0.0,0.0002858258805956784,0.029044687288499876,0.0,-0.0002858258805956784,-0.08404468728849987,0.0,0.0,0.0
32.5,0.0,0.0,-0.055,0.0,0.000282060502262232,0.027937509576328148,0.0,-0.000282060502262232,-0.08293750957632814,0.0,0.0,0.0
32.6,0.0,0.0,-0.055,0.0,0.00027834473787215013,0.02684492042536902,0.0,-0.00027834473787215013,-0.08184492042536902,0.0,0.0,0.0
32.7,0.0,0.0,-0.055,0.0,0.0002746779506093838,0.02576673258523923,0.0,-0.0002746779506093838,-0.08076673258523923,0.0,0.0,0.0
32.8,0.0,0.0,-0.055,0.0,0.00027105953281087635,0.024702767377746744,0.0,-0.00027105953281087635,-0.07970276737774674,0.0,0.0,0.0
32.9,0.0,0.0,-0.055,0.0,0.00026748863068253427,0.023652773751945997,0.0,-0.00026748863068253427,-0.078652773751946,0.0,0.0,0.0
33.0,0.0,0.0,-0.055,0.0,0.00026396477873963815,0.02261661483598478,0.0,-0.00026396477873963815,-0.07761661483598478,0.0,0.0,0.0
33.1,0.0,0.0,-0.055,0.0,0.0002604875209161039,0.021594156527481118,0.0,-0.0002604875209161039,-0.07659415652748111,0.0,0.0,0.0
33.2,0.0,0.0,-0.055,0.0,0.00025705599529820617,0.02058514538798024,0.0,-0.00025705599529820617,-0.07558514538798024,0.0,0.0,0.0
33.3,0.0,0.0,-0.055,0.0,0.0002536697134347334,0.019589437792526802,0.0,-0.0002536697134347334,-0.0745894377925268,0.0,0.0,0.0
33.4,0.0,0.0,-0.05,0.0,0.00025032788768347995,0.01860680214157939,0.0,-0.00025032788768347995,-0.0686068021415794,0.0,0.0,0.0
33.5,0.0,0.0,-0.05,0.0,0.0002470302411632661,0.01763715702056451,0.0,-0.0002470302411632661,-0.06763715702056451,0.0,0.0,0.0
33.6,0.0,0.0,-0.05,0.0,0.00024377595249165266,0.0166802609089099,0.0,-0.00024377595249165266,-0.06668026090890991,0.0,0.0,0.0
33.7,0.0,0.0,-0.045,0.0,0.00024056443671342638,0.015800944287823217,0.0,-0.00024056443671342638,-0.06080094428782322,0.0,0.0,0.0
33.8,0.0,0.0,-0.035,0.0,0.00023739531754508845,0.014934092201568168,0.0,-0.00023739531754508845,-0.04993409220156817,0.0,0.0,0.0
33.9,0.0,0.0,-0.02,0.0,0.00023426819943819224,0.014078739984322346,0.0,-0.00023426819943819224,-0.03407873998432234,0.0,0.0,0.0
34.0,0.0,0.0,-0.015,0.0,0.00023118191557018098,0.013299560243885945,0.0,-0.00023118191557018098,-0.028299560243885944,0.0,0.0,0.0
34.1,0.0,0.0,-0.01,0.0,0.00022813646555377846,0.012661544286753429,0.0,-0.00022813646555377846,-0.02266154428675343,0.0,0.0,0.0
34.2,0.0,0.0,-0.005,0.0,0.0002251312192130115,0.012228667081262383,0.0,-0.0002251312192130115,-0.017228667081262382,0.0,0.0,0.0
34.3,0.0,0.0,-0.005,0.0,0.00022216477118865903,0.011868985286417378,0.0,-0.00022216477118865903,-0.01686898528641738,0.0,0.0,0.0
34.4,0.0,0.0,0.0,0.0,0.00021923804736891596,0.011580010840068761,0.0,-0.00021923804736891596,-0.011580010840068761,0.0,0.0,0.0
34.5,0.0,0.0,0.0,0.0,0.00021635057773180833,0.011360765085835374,0.0,-0.00021635057773180833,-0.011360765085835374,0.0,0.0,0.0
34.6,0.0,0.0,0.0,0.0,0.00021350043936706008,0.011145221636373317,0.0,-0.00021350043936706008,-0.011145221636373317,0.0,0.0,0.0
34.7,0.0,0.0,0.0,0.0,0.00021068773917550407,0.01099752419794649,0.0,-0.00021068773917550407,-0.01099752419794649,0.0,0.0,0.0
34.8,0.0,0.0,0.0,0.0,0.0002079118307378535,0.010852615293442065,0.0,-0.0002079118307378535,-0.010852615293442065,0.0,0.0,0.0
34.9,0.0,0.0,0.0,0.0,0.00020517337467455514,0.010709672771304838,0.0,-0.00020517337467455514,-0.010709672771304838,0.0,0.0,0.0
35.0,0.0,0.0,0.0,0.0,0.0002024706180155286,0.010568593843049008,0.0,-0.0002024706180155286,-0.010568593843049008,0.0,0.0,0.0
35.1,0.0,0.0,0.0,0.0,0.00019980333173762486,0.01042936640542923,0.0,-0.00019980333173762486,-0.01042936640542923,0.0,0.0,0.0
35.2,0.0,0.0,0.0,0.0,0.00019717124210397657,0.010291976167926252,0.0,-0.00019717124210397657,-0.010291976167926252,0.0,0.0,0.0
35.3,0.0,0.0,0.0,0.0,0.00019457380780451574,0.01015639487512439,0.0,-0.00019457380780451574,-0.01015639487512439,0.0,0.0,0.0
35.4,0.0,0.0,0.0,0.0,0.00019201041361205782,0.0100225904132959,0.0,-0.00019201041361205782,-0.0100225904132959,0.0,0.0,0.0
35.5,0.0,0.0,0.0,0.0,0.00018948035313631618,0.009890525910167125,0.0,-0.00018948035313631618,-0.009890525910167125,0.0,0.0,0.0
35.6,0.0,0.0,0.0,0.0,0.0001869848964086457,0.009760267659038738,0.0,-0.0001869848964086457,-0.009760267659038738,0.0,0.0,0.0
35.7,0.0,0.0,0.0,0.0,0.0001845216077750603,0.009631688523252723,0.0,-0.0001845216077750603,-0.009631688523252723,0.0,0.0,0.0
35.8,0.0,0.0,0.0,0.0,0.00018209021222105834,0.009504774147557946,0.0,-0.00018209021222105834,-0.009504774147557946,0.0,0.0,0.0
35.9,0.0,0.0,0.0,0.0,0.00017969206164763994,0.009379595098699973,0.0,-0.00017969206164763994,-0.009379595098699973,0.0,0.0,0.0
36.0,0.0,0.0,0.0,0.0,0.00017732491488032308,0.009256034391493181,0.0,-0.00017732491488032308,-0.009256034391493181,0.0,0.0,0.0
36.1,0.0,0.0,0.0,0.0,0.0001749889224238578,0.009134099882008691,0.0,-0.0001749889224238578,-0.009134099882008691,0.0,0.0,0.0
36.2,0.02,0.0,0.0,0.0,0.00017268372038393612,0.009013772575632958,0.02,-0.00017268372038393612,-0.009013772575632958,0.0,0.0,0.0
36.3,0.03,0.0,0.0,0.0,0.00017040885972897119,0.008895029033743083,0.03,-0.00017040885972897119,-0.008895029033743083,0.0,0.0,0.0
36.4,0.04,0.0,0.0,0.0,0.000168163473964065,0.008777824026899191,0.04,-0.000168163473964065,-0.008777824026899191,0.0,0.0,0.0
36.5,0.05,0.0,0.0,0.00025994601359999997,0.0001659486187756316,0.008662212659990303,0.0497400539864,-0.0001659486187756316,-0.008662212659990303,0.0,0.0,0.0
36.6,0.055,0.0,0.0,0.0006499570116,0.0001637624319653692,0.008548097729690325,0.0543500429884,-0.0001637624319653692,-0.008548097729690325,0.0,0.0,0.0
36.7,0.065,0.0,0.0,0.00116657183944582,0.00016160512445015132,0.008435490245472105,0.06383342816055418,-0.00016160512445015132,-0.008435490245472105,0.0,0.0,0.0
36.8,0.075,0.0,0.0,0.001808293082821202,0.00015947564643766621,0.008324335410107919,0.0731917069171788,-0.00015947564643766621,-0.008324335410107919,0.0,0.0,0.0
36.9,0.08,0.0,0.0,0.0025079619280831567,0.00015737527730502935,0.008214700004729953,0.07749203807191685,-0.00015737527730502935,-0.008214700004729953,0.0,0.0,0.0
37.0,0.08,0.0,0.0,0.003329434656856502,0.00015530214301505454,0.008106486208044127,0.0766705653431435,-0.00015530214301505454,-0.008106486208044127,0.0,0.0,0.0
37.1,0.085,0.0,0.0,0.004271790883189192,0.00015325635183048196,0.007999699671166344,0.08072820911681082,-0.00015325635183048196,-0.007999699671166344,0.0,0.0,0.0
37.2,0.085,0.0,0.0,0.005268545729156744,0.0001512373480192202,0.007894311385903624,0.07973145427084326,-0.0001512373480192202,-0.007894311385903624,0.0,0.0,0.0
37.3,0.085,0.0,0.0,0.006253012900529975,0.00014924501452895093,0.007790315242340258,0.07874698709947003,-0.00014924501452895093,-0.007790315242340258,0.0,0.0,0.0
37.4,0.09,0.0,0.0,0.007289703184744314,0.00014727858495939517,0.007687671235791368,0.08271029681525568,-0.00014727858495939517,-0.007687671235791368,0.0,0.0,0.0
37.5,0.095,0.0,0.0,0.00831349706046014,0.00014533824238269628,0.007586388922286103,0.08668650293953986,-0.00014533824238269628,-0.007586388922286103,0.0,0.0,0.0
37.6,0.095,0.0,0.0,0.009323735636850584,0.00014342361183694124,0.007486448729502294,0.08567626436314942,-0.00014342361183694124,-0.007486448729502294,0.0,0.0,0.0
37.7,0.1,0.0,0.0,0.010385593316295676,0.0001415343336424108,0.00738783188282018,0.08961440668370432,-0.0001415343336424108,-0.00738783188282018,0.0,0.0,0.0
37.8,0.1,0.0,0.0,0.011499167218411111,0.00013967019084538374,0.0072905270576545675,0.08850083278158889,-0.00013967019084538374,-0.0072905270576545675,0.0,0.0,0.0
37.9,0.1,0.0,0.0,0.01259942700514985,0.00013782978869812624,0.007194461450739205,0.08740057299485016,-0.00013782978869812624,-0.007194461450739205,0.0,0.0,0.0
38.0,0.1,0.0,0.0,0.013749643496125848,0.00013601454073086026,0.0070997088457516785,0.08625035650387416,-0.00013601454073086026,-0.0070997088457516785,0.0,0.0,0.0
38.1,0.1,0.0,0.0,0.014886044202583888,0.00013422244871269076,0.007006164938714743,0.08511395579741612,-0.00013422244871269076,-0.007006164938714743,0.0,0.0,0.0
38.2,0.1,0.0,0.0,0.016007103660340017,0.00013245456747185393,0.006913884789722115,0.08399289633965999,-0.00013245456747185393,-0.006913884789722115,0.0,0.0,0.0
38.3,0.1,0.0,0.0,0.017113615536075252,0.0001307096276191657,0.0068228021389932555,0.08288638446392475,-0.0001307096276191657,-0.0068228021389932555,0.0,0.0,0.0
38.4,0.1,0.0,0.0,0.018205492200151656,0.0001289877671098197,0.006732924187535522,0.08179450779984834,-0.0001289877671098197,-0.006732924187535522,0.0,0.0,0.0
38.5,0.1,0.0,0.0,0.019283295214084176,0.00012728810037312846,0.006644204710187915,0.08071670478591583,-0.00012728810037312846,-0.006644204710187915,0.0,0.0,0.0
38.6,0.1,0.0,0.0,0.020346632619843024,0.00012561124551645756,0.006556675971017994,0.07965336738015698,-0.00012561124551645756,-0.006556675971017994,0.0,0.0,0.0
38.7,0.1,0.0,0.0,0.021395674000523356,0.0001239569351117679,0.006470324010774017,0.07860432599947664,-0.0001239569351117679,-0.006470324010774017,0.0,0.0,0.0
38.8,0.1,0.0,0.0,0.022431529919703656,0.00012232341782978233,0.0063850574132890475,0.07756847008029635,-0.00012232341782978233,-0.0063850574132890475,0.0,0.0,0.0
38.9,0.1,0.0,0.0,0.02345302032294509,0.00012071255458501976,0.006300973314878074,0.07654697967705491,-0.00012071255458501976,-0.006300973314878074,0.0,0.0,0.0
39.0,0.1,0.0,0.0,0.024461416070889662,0.00011912234126398982,0.006217967104503194,0.07553858392911034,-0.00011912234126398982,-0.006217967104503194,0.0,0.0,0.0
39.1,0.1,0.0,0.0,0.025456506237752467,0.00011755311049105511,0.006136056144544318,0.07454349376224753,-0.00011755311049105511,-0.006136056144544318,0.0,0.0,0.0
39.2,0.1,0.0,0.0,0.0264385050497664,0.00011600452443713418,0.006055222800944787,0.0735614949502336,-0.00011600452443713418,-0.006055222800944787,0.0,0.0,0.0
39.3,0.1,0.0,0.0,0.027407812105137822,0.00011447595294646515,0.005975434180732916,0.07259218789486219,-0.00011447595294646515,-0.005975434180732916,0.0,0.0,0.0
39.4,0.1,0.0,0.0,0.028364130598538585,0.00011296786407317017,0.005896714715472958,0.07163586940146142,-0.00011296786407317017,-0.005896714715472958,0.0,0.0,0.0
39.5,0.1,0.0,0.0,0.029307600401913114,0.00011148003724290656,0.005819052891589942,0.07069239959808689,-0.00011148003724290656,-0.005819052891589942,0.0,0.0,0.0
39.6,0.1,0.0,0.0,0.030238838784768372,0.0001100114990380507,0.0057423978984743876,0.06976116121523163,-0.0001100114990380507,-0.0057423978984743876,0.0,0.0,0.0
39.7,0.1,0.0,0.0,0.031158028540208646,0.00010856196119873037,0.005666734689491178,0.06884197145979136,-0.00010856196119873037,-0.005666734689491178,0.0,0.0,0.0
39.8,0.1,0.0,0.0,0.032064919618461384,0.00010713181804679795,0.005592083847515706,0.06793508038153862,-0.00010713181804679795,-0.005592083847515706,0.0,0.0,0.0
39.9,0.1,0.0,0.0,0.03295970141869183,0.00010572077090479848,0.0055184297821342,0.06704029858130817,-0.00010572077090479848,-0.0055184297821342,0.0,0.0,0.0
40.0,0.105,0.0,0.0,0.033842837892913875,0.00010432808813272424,0.005445734303084011,0.07115716210708611,-0.00010432808813272424,-0.005445734303084011,0.0,0.0,0.0
40.1,0.105,0.0,0.0,0.03471436542615595,0.00010295371235235148,0.005373994415327396,0.07028563457384404,-0.00010295371235235148,-0.005373994415327396,0.0,0.0,0.0
40.2,0.105,0.0,0.0,0.035574636350366784,0.00010159708794555161,0.005303181116620029,0.06942536364963321,-0.00010159708794555161,-0.005303181116620029,0.0,0.0,0.0
40.3,0.105,0.0,0.0,0.03648811249123852,0.00010025903699931965,0.005233337318390934,0.06851188750876147,-0.00010025903699931965,-0.005233337318390934,0.0,0.0,0.0
40.4,0.105,0.0,0.0,0.03739089277898668,9.893790818604127e-05,0.005164376824376033,0.06760910722101332,-9.893790818604127e-05,-0.005164376824376033,0.0,0.0,0.0
40.5,0.105,0.0,0.0,0.03828148038391208,9.76346386531163e-05,0.005096348551945844,0.0667185196160879,-9.76346386531163e-05,-0.005096348551945844,0.0,0.0,0.0
40.6,0.105,0.0,0.0,0.039160444560644395,9.634837884891449e-05,0.005029208156067901,0.0658395554393556,-9.634837884891449e-05,-0.005029208156067901,0.0,0.0,0.0
40.7,0.105,0.0,0.0,0.0400275845783092,9.507942230171399e-05,0.004962970958378421,0.0649724154216908,-9.507942230171399e-05,-0.004962970958378421,0.0,0.0,0.0
40.8,0.105,0.0,0.0,0.040883486961727146,9.382691069915313e-05,0.004897592156550872,0.06411651303827284,-9.382691069915313e-05,-0.004897592156550872,0.0,0.0,0.0
40.9,0.105,0.0,0.0,0.04172799007751904,9.259108057247009e-05,0.004833084097080821,0.06327200992248096,-9.259108057247009e-05,-0.004833084097080821,0.0,0.0,0.0
41.0,0.11,0.0,0.0,0.042561664498438144,9.137109695612694e-05,0.004769403196302995,0.06743833550156186,-9.137109695612694e-05,-0.004769403196302995,0.0,0.0,0.0
41.1,0.11,0.0,0.0,0.04338418438234185,9.016743668144477e-05,0.004706574343935286,0.06661581561765814,-9.016743668144477e-05,-0.004706574343935286,0.0,0.0,0.0
41.2,0.11,0.0,0.0,0.044195980902545014,8.89794687774273e-05,0.004644564604452277,0.06580401909745498,-8.89794687774273e-05,-0.004644564604452277,0.0,0.0,0.0
41.3,0.11,0.0,0.0,0.04506189132289874,8.780742093450708e-05,0.004583385862875738,0.06493810867710126,-8.780742093450708e-05,-0.004583385862875738,0.0,0.0,0.0
41.4,0.11,0.0,0.0,0.04591734109890866,8.665069118335917e-05,0.00452300669751415,0.06408265890109134,-8.665069118335917e-05,-0.00452300669751415,0.0,0.0,0.0
41.5,0.11,0.0,0.0,0.04676170245520327,8.550897032724905e-05,0.004463410968866698,0.06323829754479673,-8.550897032724905e-05,-0.004463410968866698,0.0,0.0,0.0
41.6,0.11,0.0,0.0,0.04759477836216751,8.438250952826641e-05,0.0044046117871324834,0.06240522163783249,-8.438250952826641e-05,-0.0044046117871324834,0.0,0.0,0.0
41.7,0.11,0.0,0.0,0.048416919563028495,8.327083432070044e-05,0.0043465843860741185,0.061583080436971506,-8.327083432070044e-05,-0.0043465843860741185,0.0,0.0,0.0
41.8,0.11,0.0,0.0,0.0492280087869075,8.21741032721442e-05,0.004289337042628297,0.0607719912130925,-8.21741032721442e-05,-0.004289337042628297,0.0,0.0,0.0
41.9,0.115,0.0,0.0,0.05002855098116357,8.10916336075607e-05,0.004232834117193961,0.06497144901883643,-8.10916336075607e-05,-0.004232834117193961,0.0,0.0,0.0
42.0,0.115,0.0,0.0,0.05081858275874717,8.002337581999221e-05,0.004177073025598977,0.06418141724125284,-8.002337581999221e-05,-0.004177073025598977,0.0,0.0,0.0
42.1,0.115,0.0,0.0,0.051598210816363205,7.896918563728516e-05,0.004122046237102299,0.0634017891836368,-7.896918563728516e-05,-0.004122046237102299,0.0,0.0,0.0
42.2,0.115,0.0,0.0,0.05243259465505709,7.792885006396891e-05,0.004067742633732135,0.06256740534494291,-7.792885006396891e-05,-0.004067742633732135,0.0,0.0,0.0
42.3,0.115,0.0,0.0,0.053256829329936514,7.690223643228232e-05,0.004014155290475381,0.06174317067006349,-7.690223643228232e-05,-0.004014155290475381,0.0,0.0,0.0
42.4,0.115,0.0,0.0,0.05407039499408512,7.588892548692515e-05,0.003961262322976524,0.060929605005914884,-7.588892548692515e-05,-0.003961262322976524,0.0,0.0,0.0
42.5,0.115,0.0,0.0,0.05487305502485734,7.48891978929045e-05,0.003909078381432692,0.06012694497514266,-7.48891978929045e-05,-0.003909078381432692,0.0,0.0,0.0
42.6,0.115,0.0,0.0,0.05566496975802607,7.390285376394444e-05,0.0038575930321479435,0.05933503024197394,-7.390285376394444e-05,-0.0038575930321479435,0.0,0.0,0.0
42.7,0.115,0.0,0.0,0.056446787956817075,7.29290850512693e-05,0.003806764096462486,0.05855321204318293,-7.29290850512693e-05,-0.003806764096462486,0.0,0.0,0.0
42.8,0.11,0.0,0.0,0.057217963369608854,7.196857212112531e-05,0.003756627088242931,0.052782036630391146,-7.196857212112531e-05,-0.003756627088242931,0.0,0.0,0.0
42.9,0.105,0.0,0.0,0.05797914126486835,7.102051127996111e-05,0.0037071400561641834,0.04702085873513165,-7.102051127996111e-05,-0.0037071400561641834,0.0,0.0,0.0
43.0,0.095,0.0,0.0,0.05873029186891579,7.008493961143356e-05,0.0036583049359249203,0.03626970813108421,-7.008493961143356e-05,-0.0036583049359249203,0.0,0.0,0.0
43.1,0.085,0.0,0.0,0.05940658425386162,6.916164399268669e-05,0.0036101106029040714,0.02559341574613839,-6.916164399268669e-05,-0.0036101106029040714,0.0,0.0,0.0
43.2,0.07,0.0,0.0,0.06000820545552212,6.825036559283424e-05,0.003562543546605458,0.009991794544477885,-6.825036559283424e-05,-0.003562543546605458,0.0,0.0,0.0
43.3,0.045,0.0,0.0,0.06047083619220326,6.735142679643938e-05,0.0035156205949102948,-0.015470836192203262,-6.735142679643938e-05,-0.0035156205949102948,0.0,0.0,0.0
43.4,0.02,0.0,0.0,0.06079572106755705,6.64641951301012e-05,0.003469308733870404,-0.04079572106755705,-6.64641951301012e-05,-0.003469308733870404,0.0,0.0,0.0
43.5,0.015,0.0,0.0,0.06091963178747522,6.558840330301197e-05,0.0034235940113972675,-0.04591963178747522,-6.558840330301197e-05,-0.0034235940113972675,0.0,0.0,0.0
43.6,0.0,0.0,0.0,0.06071433244356472,6.47245582404542e-05,0.0033785028880582114,-0.06071433244356472,-6.47245582404542e-05,-0.0033785028880582114,0.0,0.0,0.0
43.7,-0.01,0.0,0.0,0.0601822681156742,6.387173410210233e-05,0.0033339870366912,-0.0701822681156742,-6.387173410210233e-05,-0.0033339870366912,0.0,0.0,0.0
43.8,-0.01,0.0,0.0,0.059587977372417625,6.303030858481716e-05,0.0032900661723776438,-0.06958797737241762,-6.303030858481716e-05,-0.0032900661723776438,0.0,0.0,0.0
43.9,-0.01,0.0,0.0,0.05880582357835732,6.22002049558687e-05,0.003246736289810178,-0.06880582357835732,-6.22002049558687e-05,-0.003246736289810178,0.0,0.0,0.0
44.0,-0.005,0.0,0.0,0.05790118193510354,6.138081281248443e-05,0.00320396552708683,-0.06290118193510354,-6.138081281248443e-05,-0.00320396552708683,0.0,0.0,0.0
44.1,-0.015,0.0,0.0,0.057006440488797244,6.057196992029257e-05,0.003161745415871801,-0.07200644048879724,-6.057196992029257e-05,-0.003161745415871801,0.0,0.0,0.0
44.2,-0.055,0.0,0.0,0.05612376153564971,5.977405226919114e-05,0.003120095582146186,-0.1111237615356497,-5.977405226919114e-05,-0.003120095582146186,0.0,0.0,0.0
44.3,-0.055,0.0,0.0,0.05531785125433075,5.898678609274731e-05,0.0030790017358057475,-0.11031785125433075,-5.898678609274731e-05,-0.0030790017358057475,0.0,0.0,0.0
44.4,-0.055,0.0,0.0,0.054392983399152696,5.820950578130318e-05,0.003038429133250641,-0.1093929833991527,-5.820950578130318e-05,-0.003038429133250641,0.0,0.0,0.0
44.5,-0.055,0.0,0.0,0.05295896666574717,5.744273923042286e-05,0.002998405329658321,-0.10795896666574717,-5.744273923042286e-05,-0.002998405329658321,0.0,0.0,0.0
44.6,-0.055,0.0,0.0,0.05153681964105298,5.668599530696898e-05,0.0029589046887823905,-0.10653681964105298,-5.668599530696898e-05,-0.0029589046887823905,0.0,0.0,0.0
44.7,-0.055,0.0,0.0,0.050133693443110014,5.593942080014402e-05,0.0029199348727492196,-0.10513369344311002,-5.593942080014402e-05,-0.0029199348727492196,0.0,0.0,0.0
44.8,-0.065,0.0,0.0,0.04874873151831848,5.5202511763122125e-05,0.002881469576461441,-0.11374873151831849,-5.5202511763122125e-05,-0.002881469576461441,0.0,0.0,0.0
44.9,-0.065,0.0,0.0,0.047382002770041794,5.44753042232208e-05,0.0028435106804787606,-0.11238200277004179,-5.44753042232208e-05,-0.0028435106804787606,0.0,0.0,0.0
45.0,-0.07,0.0,0.0,0.04603324177311473,5.3757656944946746e-05,0.0028060508125682124,-0.11603324177311473,-5.3757656944946746e-05,-0.0028060508125682124,0.0,0.0,0.0
45.1,-0.075,0.0,0.0,0.044572214201214745,5.3049448161547295e-05,0.0027690836167292804,-0.11957221420121475,-5.3049448161547295e-05,-0.0027690836167292804,0.0,0.0,0.0
45.2,-0.08,0.0,0.0,0.04312884982730337,5.23506314322489e-05,0.002732606668839007,-0.12312884982730338,-5.23506314322489e-05,-0.002732606668839007,0.0,0.0,0.0
45.3,-0.085,0.0,0.0,0.04163938217736393,5.166097524087082e-05,0.0026966078841786,-0.12663938217736392,-5.166097524087082e-05,-0.0026966078841786,0.0,0.0,0.0
45.4,-0.085,0.0,0.0,0.0401037252045043,5.09804250424217e-05,0.002661084415599839,-0.1251037252045043,-5.09804250424217e-05,-0.002661084415599839,0.0,0.0,0.0
45.5,-0.085,0.0,0.0,0.03852243248076523,5.030884053757327e-05,0.0026260289397358506,-0.12352243248076523,-5.030884053757327e-05,-0.0026260289397358506,0.0,0.0,0.0
45.6,-0.09,0.0,0.0,0.03689606686260379,4.9646088006801586e-05,0.002591434476673443,-0.1268960668626038,-4.9646088006801586e-05,-0.002591434476673443,0.0,0.0,0.0
45.7,-0.09,0.0,0.0,0.035290278227126264,4.89920742962809e-05,0.0025572961639542566,-0.12529027822712627,-4.89920742962809e-05,-0.0025572961639542566,0.0,0.0,0.0
45.8,-0.09,0.0,0.0,0.03370562482581665,4.834667330635093e-05,0.0025236074194079678,-0.12370562482581665,-4.834667330635093e-05,-0.0025236074194079678,0.0,0.0,0.0
45.9,-0.09,0.0,0.0,0.032076434845464304,4.7709613530527896e-05,0.002490354070895523,-0.1220764348454643,-4.7709613530527896e-05,-0.002490354070895523,0.0,0.0,0.0
46.0,-0.1,0.0,0.0,0.030468393753742065,4.708115837794975e-05,0.002457549867889418,-0.13046839375374208,-4.708115837794975e-05,-0.002457549867889418,0.0,0.0,0.0
46.1,-0.1,0.0,0.0,0.028881626596485185,4.646102192056145e-05,0.0024251798854711053,-0.1288816265964852,-4.646102192056145e-05,-0.0024251798854711053,0.0,0.0,0.0
46.2,-0.105,0.0,0.0,0.027315562973617393,4.5848976825904465e-05,0.002393232257304397,-0.13231556297361738,-4.5848976825904465e-05,-0.002393232257304397,0.0,0.0,0.0
46.3,-0.105,0.0,0.0,0.025640160318211685,4.5245004626342744e-05,0.0023617060194126597,-0.13064016031821168,-4.5245004626342744e-05,-0.0023617060194126597,0.0,0.0,0.0
46.4,-0.105,0.0,0.0,0.02398479440795939,4.4648873002801346e-05,0.0023305890451675018,-0.12898479440795937,-4.4648873002801346e-05,-0.0023305890451675018,0.0,0.0,0.0
46.5,-0.11,0.0,0.0,0.0222866479812758,4.406074877863966e-05,0.002299890042441434,-0.1322866479812758,-4.406074877863966e-05,-0.002299890042441434,0.0,0.0,0.0
46.6,-0.11,0.0,0.0,0.020609917454647984,4.348033828384489e-05,0.002269593682199954,-0.13060991745464798,-4.348033828384489e-05,-0.002269593682199954,0.0,0.0,0.0
46.7,-0.11,0.0,0.0,0.01895518348533891,4.290754593780139e-05,0.0022396949753107336,-0.1289551834853389,-4.290754593780139e-05,-0.0022396949753107336,0.0,0.0,0.0
46.8,-0.11,0.0,0.0,0.017257284560832625,4.2342311527979915e-05,0.002210190778790499,-0.12725728456083263,-4.2342311527979915e-05,-0.002210190778790499,0.0,0.0,0.0
46.9,-0.11,0.0,0.0,0.015580837167652023,4.178450344620256e-05,0.0021810742229344386,-0.12558083716765203,-4.178450344620256e-05,-0.0021810742229344386,0.0,0.0,0.0
47.0,-0.11,0.0,0.0,0.013926495363464422,4.1234054359626404e-05,0.002152341793092002,-0.12392649536346442,-4.1234054359626404e-05,-0.002152341793092002,0.0,0.0,0.0
47.1,-0.11,0.0,0.0,0.012293925232510033,4.0690849410514925e-05,0.0021239874939006083,-0.12229392523251004,-4.0690849410514925e-05,-0.0021239874939006083,0.0,0.0,0.0
47.2,-0.11,0.0,0.0,0.010682945105679029,4.0154828102664636e-05,0.0020960081675697093,-0.12068294510567903,-4.0154828102664636e-05,-0.0020960081675697093,0.0,0.0,0.0
47.3,-0.125,0.0,0.0,0.009093088751833156,3.962583530636918e-05,0.002068395716613974,-0.13409308875183315,-3.962583530636918e-05,-0.002068395716613974,0.0,0.0,0.0
47.4,-0.13,0.0,0.0,0.007524198573361918,3.910381858417778e-05,0.0020411474038949232,-0.13752419857336193,-3.910381858417778e-05,-0.0020411474038949232,0.0,0.0,0.0
47.5,-0.13,0.0,0.0,0.005975990633528607,3.858868346183926e-05,0.002014258298030418,-0.1359759906335286,-3.858868346183926e-05,-0.002014258298030418,0.0,0.0,0.0
47.6,-0.125,0.0,0.0,0.004253174019153696,3.808033322039237e-05,0.001987723350468583,-0.1292531740191537,-3.808033322039237e-05,-0.001987723350468583,0.0,0.0,0.0
47.7,-0.115,0.0,0.0,0.002485494873295943,3.757868281355371e-05,0.0019615381219498552,-0.11748549487329595,-3.757868281355371e-05,-0.0019615381219498552,0.0,0.0,0.0
47.8,-0.11,0.0,0.0,0.0007399670717221723,3.708357138833031e-05,0.0019356942162438698,-0.11073996707172218,-3.708357138833031e-05,-0.0019356942162438698,0.0,0.0,0.0
47.9,-0.11,0.0,0.0,-0.0009171048635554413,3.6595119108195005e-05,0.0019101979056628836,-0.10908289513644456,-3.6595119108195005e-05,-0.0019101979056628836,0.0,0.0,0.0
48.0,-0.11,0.0,0.0,-0.002421734501392766,3.611302945498851e-05,0.0018850337125043875,-0.10757826549860723,-3.611302945498851e-05,-0.0018850337125043875,0.0,0.0,0.0
48.1,-0.115,0.0,0.0,-0.0038400818990753883,3.563720240721837e-05,0.0018601964158304512,-0.11115991810092461,-3.563720240721837e-05,-0.0018601964158304512,0.0,0.0,0.0
48.2,-0.115,0.0,0.0,-0.00523868688376457,3.5167703640214844e-05,0.0018356894437725133,-0.10976131311623544,-3.5167703640214844e-05,-0.0018356894437725133,0.0,0.0,0.0
48.3,-0.11,0.0,0.0,-0.006618542356695384,3.4704495023806585e-05,0.0018115108060057649,-0.10338145764330461,-3.4704495023806585e-05,-0.0018115108060057649,0.0,0.0,0.0
48.4,-0.09,0.0,0.0,-0.008045335891555008,3.424734804947528e-05,0.0017876485748058606,-0.08195466410844499,-3.424734804947528e-05,-0.0017876485748058606,0.0,0.0,0.0
48.5,-0.06,0.0,0.0,-0.009454267577562297,3.3796198344081515e-05,0.001764099390013329,-0.0505457324224377,-3.3796198344081515e-05,-0.001764099390013329,0.0,0.0,0.0
48.6,-0.045,0.0,0.0,-0.010779696647433992,3.335097662649039e-05,0.001740859635280361,-0.034220303352566005,-3.335097662649039e-05,-0.001740859635280361,0.0,0.0,0.0
48.7,-0.025,0.0,0.0,-0.011826790833855435,3.2911626188609514e-05,0.0017179263505488413,-0.013173209166144567,-3.2911626188609514e-05,-0.0017179263505488413,0.0,0.0,0.0
48.8,0.0,0.0,0.0,-0.012466634762494638,3.247807705430627e-05,0.0016952958831933586,0.012466634762494638,-3.247807705430627e-05,-0.0016952958831933586,0.0,0.0,0.0
48.9,0.0,0.0,0.0,-0.012897896542757125,3.205021593208724e-05,0.0016729623196063408,0.012897896542757125,-3.205021593208724e-05,-0.0016729623196063408,0.0,0.0,0.0
49.0,0.005,0.0,0.0,-0.013060863801428664,3.162791409342186e-05,0.0016509189403952713,0.018060863801428663,-3.162791409342186e-05,-0.0016509189403952713,0.0,0.0,0.0
49.1,0.005,0.0,0.0,-0.012893225301292655,3.1211346158481534e-05,0.0016291748604119075,0.017893225301292656,-3.1211346158481534e-05,-0.0016291748604119075,0.0,0.0,0.0
49.2,0.005,0.0,0.0,-0.012723399337682281,3.080009916367603e-05,0.0016077085237164296,0.017723399337682282,-3.080009916367603e-05,-0.0016077085237164296,0.0,0.0,0.0
49.3,0.005,0.0,0.0,-0.012490839869733806,3.0394443171849462e-05,0.0015865340270925564,0.017490839869733807,-3.0394443171849462e-05,-0.0015865340270925564,0.0,0.0,0.0
49.4,0.005,0.0,0.0,-0.012260432194632562,2.9994035828654182e-05,0.0015656335002730555,0.017260432194632563,-2.9994035828654182e-05,-0.0015656335002730555,0.0,0.0,0.0
49.5,0.0,0.0,0.0,-0.012033003483130803,2.9598825015516004e-05,0.0015450042227642192,0.012033003483130803,-2.9598825015516004e-05,-0.0015450042227642192,0.0,0.0,0.0
49.6,0.0,0.0,0.0,-0.011808669392514019,2.9208992091538538e-05,0.0015246556611776705,0.011808669392514019,-2.9208992091538538e-05,-0.0015246556611776705,0.0,0.0,0.0
49.7,0.0,0.0,0.0,-0.011587241503092935,2.8824209374913095e-05,0.0015045707111257223,0.011587241503092935,-2.8824209374913095e-05,-0.0015045707111257223,0.0,0.0,0.0
49.8,0.0,0.0,0.0,-0.011433727387138267,2.8444488980530472e-05,0.0014847500049833904,0.011433727387138267,-2.8444488980530472e-05,-0.0014847500049833904,0.0,0.0,0.0
49.9,0.0,0.0,0.0,-0.01128309362568975,2.8069775199190553e-05,0.0014651906348328984,0.01128309362568975,-2.8069775199190553e-05,-0.0014651906348328984,0.0,0.0,0.0
50.0,0.0,0.0,0.0,-0.01113438745592192,2.769982838621546e-05,0.001445880091662855,0.01113438745592192,-2.769982838621546e-05,-0.001445880091662855,0.0,0.0,0.0
50.1,0.0,0.0,0.0,-0.010987769065966279,2.7335075120608256e-05,0.0014268406421125855,0.010987769065966279,-2.7335075120608256e-05,-0.0014268406421125855,0.0,0.0,0.0
50.2,0.0,0.0,0.0,-0.01084302675792499,2.697498911598157e-05,0.0014080448150007021,0.01084302675792499,-2.697498911598157e-05,-0.0014080448150007021,0.0,0.0,0.0
50.3,0.0,0.0,0.0,-0.010700181509119333,2.66196225640198e-05,0.0013894953346371309,0.010700181509119333,-2.66196225640198e-05,-0.0013894953346371309,0.0,0.0,0.0
50.4,0.0,0.0,0.0,-0.010559226170150161,2.6268957678705015e-05,0.0013711912726244507,0.010559226170150161,-2.6268957678705015e-05,-0.0013711912726244507,0.0,0.0,0.0
50.5,0.0,0.0,0.0,-0.010420087673129604,2.592281268372006e-05,0.0013531231405732591,0.010420087673129604,-2.592281268372006e-05,-0.0013531231405732591,0.0,0.0,0.0
50.6,0.0,0.0,0.0,-0.010282822655417708,2.5581328479959587e-05,0.0013352982932510887,0.010282822655417708,-2.5581328479959587e-05,-0.0013352982932510887,0.0,0.0,0.0
50.7,0.0,0.0,0.0,-0.010147387845248757,2.524439741709354e-05,0.0013177111115087192,0.010147387845248757,-2.524439741709354e-05,-0.0013177111115087192,0.0,0.0,0.0
50.8,0.0,0.0,0.0,-0.010013687858901074,2.49117822020753e-05,0.0013003492090855851,0.010013687858901074,-2.49117822020753e-05,-0.0013003492090855851,0.0,0.0,0.0
50.9,0.0,0.0,0.0,-0.009881798593231043,2.4583671649054324e-05,0.0012832224417329901,0.009881798593231043,-2.4583671649054324e-05,-0.0012832224417329901,0.0,0.0,0.0
51.0,0.0,0.0,0.0,-0.009751617650463762,2.4259811015611808e-05,0.001266317512365237,0.009751617650463762,-2.4259811015611808e-05,-0.001266317512365237,0.0,0.0,0.0
51.1,0.0,0.0,0.0,-0.009623154822428934,2.3940224661597225e-05,0.0012496356925216614,0.009623154822428934,-2.3940224661597225e-05,-0.0012496356925216614,0.0,0.0,0.0
51.2,0.0,0.0,0.0,-0.009496382458073965,2.3624843797468742e-05,0.001233173391514709,0.009496382458073965,-2.3624843797468742e-05,-0.001233173391514709,0.0,0.0,0.0
51.3,0.0,0.0,0.0,-0.009371286206726932,2.3313632722012335e-05,0.0012169287458066755,0.009371286206726932,-2.3313632722012335e-05,-0.0012169287458066755,0.0,0.0,0.0
51.4,0.0,0.0,0.0,-0.009247832960706373,2.3006509070832248e-05,0.0012008974561276001,0.009247832960706373,-2.3006509070832248e-05,-0.0012008974561276001,0.0,0.0,0.0
51.5,0.0,0.0,0.0,-0.009126004700129173,2.270342801454996e-05,0.001185077182466382,0.009126004700129173,-2.270342801454996e-05,-0.001185077182466382,0.0,0.0,0.0
51.6,0.0,0.0,0.0,-0.009005757563742875,2.240428043632622e-05,0.0011694622291247177,0.009005757563742875,-2.240428043632622e-05,-0.0011694622291247177,0.0,0.0,0.0
51.7,0.0,0.0,0.0,-0.008887134001398643,2.2109171941754262e-05,0.0011540581085203267,0.008887134001398643,-2.2109171941754262e-05,-0.0011540581085203267,0.0,0.0,0.0
51.8,0.0,0.0,0.0,-0.008770036396060967,2.1817859681809614e-05,0.0011388521443808201,0.008770036396060967,-2.1817859681809614e-05,-0.0011388521443808201,0.0,0.0,0.0
51.9,0.0,0.0,0.0,-0.008654504890243124,2.1530443521952626e-05,0.0011238495494995387,0.008654504890243124,-2.1530443521952626e-05,-0.0011238495494995387,0.0,0.0,0.0
52.0,0.0,0.0,0.0,-0.008540494027178514,2.124681037606706e-05,0.0011090444209892216,0.008540494027178514,-2.124681037606706e-05,-0.0011090444209892216,0.0,0.0,0.0
52.1,0.0,0.0,0.0,-0.008427984943815789,2.0966913317163237e-05,0.0010944343093473236,0.008427984943815789,-2.0966913317163237e-05,-0.0010944343093473236,0.0,0.0,0.0
52.2,0.0,0.0,0.0,-0.008316967340291196,2.069072672151829e-05,0.0010800178770626423,0.008316967340291196,-2.069072672151829e-05,-0.0010800178770626423,0.0,0.0,0.0
52.3,0.0,0.0,0.0,-0.008207422984692486,2.0418205232273345e-05,0.0010657927565905724,0.008207422984692486,-2.0418205232273345e-05,-0.0010657927565905724,0.0,0.0,0.0
52.4,0.0,0.0,0.0,-0.008099283915244275,2.0149179775959134e-05,0.0010517501226070057,0.008099283915244275,-2.0149179775959134e-05,-0.0010517501226070057,0.0,0.0,0.0
52.5,0.0,0.0,0.0,-0.007992584986963995,1.988373706394665e-05,0.0010378945012860144,0.007992584986963995,-1.988373706394665e-05,-0.0010378945012860144,0.0,0.0,0.0
52.6,0.0,0.0,0.0,-0.007887301066257244,1.9621814569558554e-05,0.0010242226288500508,0.007887301066257244,-1.9621814569558554e-05,-0.0010242226288500508,0.0,0.0,0.0
52.7,0.0,0.0,0.0,-0.007783383685886784,1.9363291717311068e-05,0.0010107282114806438,0.007783383685886784,-1.9363291717311068e-05,-0.0010107282114806438,0.0,0.0,0.0
